{
  "project_info": {
    "project_number": "943277580195",
    "project_id": "cmp2004-project-c648b",
    "storage_bucket": "cmp2004-project-c648b.appspot.com"
  },
  "client": [
    {
      "client_info": {
        "mobilesdk_app_id": "1:943277580195:android:007f621259aec60b6e8416",
        "android_client_info": {
          "package_name": "com.example.project_2004"
        }
      },
      "oauth_client": [],
      "api_key": [
        {
          "current_key": "AIzaSyBYc1sJPI1o0bgUMkPbhGIs7h3L2ws-Mcs"
        }
      ],
      "services": {
        "appinvite_service": {
          "other_platform_oauth_client": []
        }
      }
    }
  ],
  "configuration_version": "1"
}